{
  "repoSenseVersion": "74ac22a384",
  "reportGeneratedTime": "Thu Jan 16 12:58:26 2020 UTC",
  "repos": [
    {
      "location": {
        "location": "https://github.com/PyCQA/pylint.git",
        "repoName": "pylint",
        "organization": "PyCQA"
      },
      "branch": "master",
      "displayName": "PyCQA/pylint[master]",
      "outputFolderName": "PyCQA_pylint_master"
    }
  ],
  "errorList": [],
  "sinceDate": "2006-04-26",
  "untilDate": "2020-01-16",
  "isSinceDateProvided": true,
  "isUntilDateProvided": false
}
