{
  "repoSenseVersion": "2ebeb6b29e",
  "reportGeneratedTime": "Sun Jan 19 08:04:54 2020 UTC",
  "repos": [
    {
      "location": {
        "location": "https://github.com/AY1920S1-CS2103-F09-1/main.git",
        "repoName": "main",
        "organization": "AY1920S1-CS2103-F09-1"
      },
      "branch": "master",
      "displayName": "AY1920S1-CS2103-F09-1/main[master]",
      "outputFolderName": "AY1920S1-CS2103-F09-1_main_master"
    },
    {
      "location": {
        "location": "https://github.com/AY1920S1-CS2103-F09-2/main.git",
        "repoName": "main",
        "organization": "AY1920S1-CS2103-F09-2"
      },
      "branch": "master",
      "displayName": "AY1920S1-CS2103-F09-2/main[master]",
      "outputFolderName": "AY1920S1-CS2103-F09-2_main_master"
    },
    {
      "location": {
        "location": "https://github.com/AY1920S1-CS2103-F09-3/main.git",
        "repoName": "main",
        "organization": "AY1920S1-CS2103-F09-3"
      },
      "branch": "master",
      "displayName": "AY1920S1-CS2103-F09-3/main[master]",
      "outputFolderName": "AY1920S1-CS2103-F09-3_main_master"
    },
    {
      "location": {
        "location": "https://github.com/AY1920S1-CS2103-F09-4/main.git",
        "repoName": "main",
        "organization": "AY1920S1-CS2103-F09-4"
      },
      "branch": "master",
      "displayName": "AY1920S1-CS2103-F09-4/main[master]",
      "outputFolderName": "AY1920S1-CS2103-F09-4_main_master"
    }
  ],
  "errorList": [],
  "sinceDate": "2019-09-06",
  "untilDate": "2020-01-19",
  "isSinceDateProvided": true,
  "isUntilDateProvided": false
}
