{
  "repoSenseVersion": "74ac22a384",
  "reportGeneratedTime": "Fri Jan 17 02:40:43 2020 UTC",
  "repos": [
    {
      "location": {
        "location": "https://github.com/PyCQA/pylint.git",
        "repoName": "pylint",
        "organization": "PyCQA"
      },
      "branch": "master",
      "displayName": "PyCQA/pylint[master]",
      "outputFolderName": "PyCQA_pylint_master"
    },
    {
      "location": {
        "location": "https://github.com/anubh-v/RedditSpeaks.git",
        "repoName": "RedditSpeaks",
        "organization": "anubh-v"
      },
      "branch": "master",
      "displayName": "anubh-v/RedditSpeaks[master]",
      "outputFolderName": "anubh-v_RedditSpeaks_master"
    }
  ],
  "errorList": [],
  "sinceDate": "2019-01-19",
  "untilDate": "2020-01-17",
  "isSinceDateProvided": true,
  "isUntilDateProvided": false
}
