{
  "authorDailyContributionsMap": {
    "anubh-v": [
      {
        "insertions": 28,
        "deletions": 3,
        "date": "2020-01-14",
        "commitResults": [
          {
            "hash": "be87624a4831162b0ae68f69af986b1597a2d78b",
            "messageTitle": "BasicChecker: fix typo in \u0027visit_with\u0027 method (#3345)",
            "messageBody": "",
            "insertions": 3,
            "deletions": 1
          },
          {
            "hash": "f2f4e6f42416644471ab003d4df7ecf052c3c411",
            "messageTitle": "Add a check for asserts on string literals (#3346)",
            "messageBody": "This check is emitted whenever **pylint** finds an assert statement\r\nwith a string literal as its first argument. Such assert statements\r\nare probably unintended as they will always pass.\r\n\r\nClose #3284",
            "insertions": 25,
            "deletions": 2
          }
        ]
      }
    ]
  },
  "authorFinalContributionMap": {
    "anubh-v": 28
  },
  "authorFileTypeContributionMap": {
    "anubh-v": {
      "txt": 2,
      "ChangeLog": 4,
      "rst": 6,
      "py": 12,
      "py": 3,
      "txt": 1
    }
  },
  "authorContributionVariance": {
    "anubh-v": 0.0
  },
  "authorDisplayNameMap": {
    "anubh-v": "Anubhav"
  }
}
