[
  {
    "path": "README.md",
    "fileType": "md",
    "lines": [
      {
        "lineNumber": 1,
        "author": {
          "gitId": "-"
        },
        "content": "# RepoSense"
      },
      {
        "lineNumber": 2,
        "author": {
          "gitId": "-"
        },
        "content": "[![Build Status](https://travis-ci.org/reposense/RepoSense.svg?branch\u003dmaster)](https://travis-ci.org/reposense/RepoSense)"
      },
      {
        "lineNumber": 3,
        "author": {
          "gitId": "-"
        },
        "content": "[![Build status](https://ci.appveyor.com/api/projects/status/gsbkj5qby3pjd6nw/branch/master?svg\u003dtrue)](https://ci.appveyor.com/project/eugenepeh/reposense/branch/master)"
      },
      {
        "lineNumber": 4,
        "author": {
          "gitId": "-"
        },
        "content": "[![Codacy Badge](https://api.codacy.com/project/badge/Grade/08a3527378464ed4a5ad62e27f590d6a)](https://www.codacy.com/app/reposense/RepoSense?utm_source\u003dgithub.com\u0026amp;utm_medium\u003dreferral\u0026amp;utm_content\u003dreposense/RepoSense\u0026amp;utm_campaign\u003dBadge_Grade)"
      },
      {
        "lineNumber": 5,
        "author": {
          "gitId": "-"
        },
        "content": "[![deploy on_netlify](https://img.shields.io/badge/deploy-on_netlify-blue.svg)](https://reposense.netlify.com/)"
      },
      {
        "lineNumber": 6,
        "author": {
          "gitId": "-"
        },
        "content": "[![codecov.io](https://codecov.io/gh/reposense/RepoSense/branch/master/graphs/badge.svg?branch\u003dmaster)](http://codecov.io/github/reposense/RepoSense?branch\u003dmaster)"
      },
      {
        "lineNumber": 7,
        "author": {
          "gitId": "-"
        },
        "content": ""
      },
      {
        "lineNumber": 8,
        "author": {
          "gitId": "-"
        },
        "content": "RepoSense is a contribution analysis tool for Git repositories. It generates a static HTML report including contribution information for each author in the repository."
      },
      {
        "lineNumber": 9,
        "author": {
          "gitId": "-"
        },
        "content": "The features of the report includes:"
      },
      {
        "lineNumber": 10,
        "author": {
          "gitId": "-"
        },
        "content": "* Visualization for contribution frequency"
      },
      {
        "lineNumber": 11,
        "author": {
          "gitId": "-"
        },
        "content": "* Visualization for contribution amount"
      },
      {
        "lineNumber": 12,
        "author": {
          "gitId": "-"
        },
        "content": "* Code review panel"
      },
      {
        "lineNumber": 13,
        "author": {
          "gitId": "-"
        },
        "content": "* Comparison of contribution between authors"
      },
      {
        "lineNumber": 14,
        "author": {
          "gitId": "-"
        },
        "content": "* Filtering and sorting of authors"
      },
      {
        "lineNumber": 15,
        "author": {
          "gitId": "-"
        },
        "content": ""
      },
      {
        "lineNumber": 16,
        "author": {
          "gitId": "-"
        },
        "content": "## Documentations"
      },
      {
        "lineNumber": 17,
        "author": {
          "gitId": "-"
        },
        "content": "* [**User Guide**](https://github.com/reposense/RepoSense/blob/release/docs/UserGuide.md)"
      },
      {
        "lineNumber": 18,
        "author": {
          "gitId": "-"
        },
        "content": "* [**Developer Guide**](docs/DeveloperGuide.md)"
      },
      {
        "lineNumber": 19,
        "author": {
          "gitId": "-"
        },
        "content": ""
      },
      {
        "lineNumber": 20,
        "author": {
          "gitId": "-"
        },
        "content": "## About Us"
      },
      {
        "lineNumber": 21,
        "author": {
          "gitId": "-"
        },
        "content": "RepoSense is a project based in the [National University of Singapore, School of Computing](http://www.comp.nus.edu.sg/), and is funded by a grant from [NUS Center for Development of Teaching and Learning](http://www.cdtl.nus.edu.sg/)."
      },
      {
        "lineNumber": 22,
        "author": {
          "gitId": "-"
        },
        "content": ""
      },
      {
        "lineNumber": 23,
        "author": {
          "gitId": "-"
        },
        "content": "Our project team and the list of contributors are [here](docs/Team.md)."
      },
      {
        "lineNumber": 24,
        "author": {
          "gitId": "-"
        },
        "content": ""
      },
      {
        "lineNumber": 25,
        "author": {
          "gitId": "-"
        },
        "content": "## Contributing"
      },
      {
        "lineNumber": 26,
        "author": {
          "gitId": "-"
        },
        "content": "We welcome pull requests. Please read the [contribution guidelines](docs/Process.md#how-to-contribute-to-the-reposense-repository) before starting work on one."
      },
      {
        "lineNumber": 27,
        "author": {
          "gitId": "eugenepeh"
        },
        "content": ""
      },
      {
        "lineNumber": 28,
        "author": {
          "gitId": "eugenepeh"
        },
        "content": "## Acknowledgements"
      },
      {
        "lineNumber": 29,
        "author": {
          "gitId": "eugenepeh"
        },
        "content": "The web previews of RepoSense is powered by Netlify."
      },
      {
        "lineNumber": 30,
        "author": {
          "gitId": "eugenepeh"
        },
        "content": ""
      },
      {
        "lineNumber": 31,
        "author": {
          "gitId": "eugenepeh"
        },
        "content": "\u003ca href\u003d\"https://www.netlify.com\"\u003e"
      },
      {
        "lineNumber": 32,
        "author": {
          "gitId": "eugenepeh"
        },
        "content": "  \u003cimg src\u003d\"https://www.netlify.com/img/global/badges/netlify-color-bg.svg\"/\u003e"
      },
      {
        "lineNumber": 33,
        "author": {
          "gitId": "eugenepeh"
        },
        "content": "\u003c/a\u003e"
      }
    ],
    "authorContributionMap": {
      "eugenepeh": 7,
      "-": 26
    }
  }
]
