{
  "authorDailyContributionsMap": {
    "Anubhav": [
      {
        "insertions": 6,
        "deletions": 6,
        "date": "2019-07-05",
        "commitResults": [
          {
            "hash": "beba04822e36e4760784337369552e1ea9f9457e",
            "messageTitle": "Bugfix: use [] instead of list() (#17)",
            "messageBody": "",
            "insertions": 3,
            "deletions": 3
          },
          {
            "hash": "beba04822e36e4760784337369552e1ea9f9457e",
            "messageTitle": "Bugfix: use [] instead of list() (#17)",
            "messageBody": "",
            "insertions": 3,
            "deletions": 3
          }
        ]
      },
      {
        "insertions": 0,
        "deletions": 2,
        "date": "2019-07-14",
        "commitResults": [
          {
            "hash": "0164e9a75b72ac7318cc1fb98e547e59123c8627",
            "messageTitle": "Remove zingchart dependency (#19)",
            "messageBody": "I\u0027m removing this dependency since we have shifted to d3.js",
            "insertions": 0,
            "deletions": 1
          },
          {
            "hash": "0164e9a75b72ac7318cc1fb98e547e59123c8627",
            "messageTitle": "Remove zingchart dependency (#19)",
            "messageBody": "I\u0027m removing this dependency since we have shifted to d3.js",
            "insertions": 0,
            "deletions": 1
          }
        ]
      },
      {
        "insertions": 168,
        "deletions": 2,
        "date": "2019-08-04",
        "commitResults": [
          {
            "hash": "9c8c9ba808f8138b6d8b5445ad54ffde502d4f6e",
            "messageTitle": "Extract action phrases (#18)",
            "messageBody": "* Add action phrase detection\r\n\r\n* Integrate action phrase extraction into Tasks\r\n\r\n* Write extracted action phrases to output file\r\n\r\n* Add blank line\r\n\r\n* Extract action phrase from tokenised form\r\n\r\n* Add action phrase extraction to cli\r\n\r\n* Fix style errors\r\n",
            "insertions": 84,
            "deletions": 1
          },
          {
            "hash": "9c8c9ba808f8138b6d8b5445ad54ffde502d4f6e",
            "messageTitle": "Extract action phrases (#18)",
            "messageBody": "* Add action phrase detection\r\n\r\n* Integrate action phrase extraction into Tasks\r\n\r\n* Write extracted action phrases to output file\r\n\r\n* Add blank line\r\n\r\n* Extract action phrase from tokenised form\r\n\r\n* Add action phrase extraction to cli\r\n\r\n* Fix style errors\r\n",
            "insertions": 84,
            "deletions": 1
          }
        ]
      },
      {
        "insertions": 8,
        "deletions": 8,
        "date": "2019-12-08",
        "commitResults": [
          {
            "hash": "21321964e04b2b1feafbf303b19ecf8b06868e49",
            "messageTitle": "Send names of data directories from server to client (#6)",
            "messageBody": "* Send names of data directories from server to client\r\n\r\n* Remove unused import, fix indent level\r\n",
            "insertions": 4,
            "deletions": 4
          },
          {
            "hash": "21321964e04b2b1feafbf303b19ecf8b06868e49",
            "messageTitle": "Send names of data directories from server to client (#6)",
            "messageBody": "* Send names of data directories from server to client\r\n\r\n* Remove unused import, fix indent level\r\n",
            "insertions": 4,
            "deletions": 4
          }
        ]
      },
      {
        "insertions": 210,
        "deletions": 132,
        "date": "2019-12-09",
        "commitResults": [
          {
            "hash": "14a755187425295c434b79ec3bedf17039b0f3d7",
            "messageTitle": "Add logic to create a local wordcloud (#7)",
            "messageBody": "* Add logic to create a local wordcloud\r\n\r\n* Fix style errors\r\n",
            "insertions": 38,
            "deletions": 1
          },
          {
            "hash": "14a755187425295c434b79ec3bedf17039b0f3d7",
            "messageTitle": "Add logic to create a local wordcloud (#7)",
            "messageBody": "* Add logic to create a local wordcloud\r\n\r\n* Fix style errors\r\n",
            "insertions": 38,
            "deletions": 1
          },
          {
            "hash": "587c3d51946f3290dbb04cda4b9884f4a26ccf2b",
            "messageTitle": "Update Python requirements file (#8)",
            "messageBody": "* Update Python requirements file\r\n\r\n* Update Travis CI yaml\r\n\r\n* Fix formatting in requirements txt\r\n",
            "insertions": 9,
            "deletions": 1
          },
          {
            "hash": "587c3d51946f3290dbb04cda4b9884f4a26ccf2b",
            "messageTitle": "Update Python requirements file (#8)",
            "messageBody": "* Update Python requirements file\r\n\r\n* Update Travis CI yaml\r\n\r\n* Fix formatting in requirements txt\r\n",
            "insertions": 9,
            "deletions": 1
          },
          {
            "hash": "b791ce823fd2658f49cbfeafe934c08492f7889d",
            "messageTitle": "Update README info (#9)",
            "messageBody": "",
            "insertions": 16,
            "deletions": 11
          },
          {
            "hash": "b791ce823fd2658f49cbfeafe934c08492f7889d",
            "messageTitle": "Update README info (#9)",
            "messageBody": "",
            "insertions": 16,
            "deletions": 11
          },
          {
            "hash": "51ef5f659e43c731bbaa0ced84755c09aad297cc",
            "messageTitle": "Add visual (#10)",
            "messageBody": "",
            "insertions": 6,
            "deletions": 7
          },
          {
            "hash": "51ef5f659e43c731bbaa0ced84755c09aad297cc",
            "messageTitle": "Add visual (#10)",
            "messageBody": "",
            "insertions": 6,
            "deletions": 7
          },
          {
            "hash": "a2dbb76dd40c3d02f52e74a546f3263ed45ee031",
            "messageTitle": "Update README.md",
            "messageBody": "",
            "insertions": 1,
            "deletions": 1
          },
          {
            "hash": "a2dbb76dd40c3d02f52e74a546f3263ed45ee031",
            "messageTitle": "Update README.md",
            "messageBody": "",
            "insertions": 1,
            "deletions": 1
          },
          {
            "hash": "b981d577750ee5a6a407ec19d54738d6bc78e156",
            "messageTitle": "Update CI badge",
            "messageBody": "",
            "insertions": 1,
            "deletions": 1
          },
          {
            "hash": "b981d577750ee5a6a407ec19d54738d6bc78e156",
            "messageTitle": "Update CI badge",
            "messageBody": "",
            "insertions": 1,
            "deletions": 1
          },
          {
            "hash": "b3760a9b20b0638e7a62f4a730a20c43a8dd5755",
            "messageTitle": "Reorder quick start (#11)",
            "messageBody": "",
            "insertions": 22,
            "deletions": 35
          },
          {
            "hash": "b3760a9b20b0638e7a62f4a730a20c43a8dd5755",
            "messageTitle": "Reorder quick start (#11)",
            "messageBody": "",
            "insertions": 22,
            "deletions": 35
          },
          {
            "hash": "4e061652cc66173866f39f746ebb3a31dc2a4758",
            "messageTitle": "Update README.md",
            "messageBody": "",
            "insertions": 9,
            "deletions": 4
          },
          {
            "hash": "4e061652cc66173866f39f746ebb3a31dc2a4758",
            "messageTitle": "Update README.md",
            "messageBody": "",
            "insertions": 9,
            "deletions": 4
          },
          {
            "hash": "06fd4c89c8a07c86abdee8b4c4fe8c18d76f7f33",
            "messageTitle": "Update results.md",
            "messageBody": "",
            "insertions": 0,
            "deletions": 2
          },
          {
            "hash": "06fd4c89c8a07c86abdee8b4c4fe8c18d76f7f33",
            "messageTitle": "Update results.md",
            "messageBody": "",
            "insertions": 0,
            "deletions": 2
          },
          {
            "hash": "22501868f983b85fdcdfc6da28698ed89c96ceb6",
            "messageTitle": "Update README.md",
            "messageBody": "",
            "insertions": 3,
            "deletions": 3
          },
          {
            "hash": "22501868f983b85fdcdfc6da28698ed89c96ceb6",
            "messageTitle": "Update README.md",
            "messageBody": "",
            "insertions": 3,
            "deletions": 3
          }
        ]
      }
    ],
    "jhengy": [
      {
        "insertions": 97,
        "deletions": 26,
        "date": "2019-01-19",
        "commitResults": [
          {
            "hash": "bc9c43f781c034072609a76354426e48f6c8e870",
            "messageTitle": "Create tokenizer module",
            "messageBody": "",
            "insertions": 16,
            "deletions": 0
          },
          {
            "hash": "21bf8959df3d6180de53865eacc0f8b348a809d6",
            "messageTitle": "integrate tokenizer in extact.py",
            "messageBody": "",
            "insertions": 4,
            "deletions": 5
          },
          {
            "hash": "2172a7eba7a8226c409190558a4d73e8482b6330",
            "messageTitle": "Add MISC_STOPWORDS",
            "messageBody": "",
            "insertions": 5,
            "deletions": 3
          },
          {
            "hash": "694588a74b4f89c19dfbcdbbca713c00d127c7b3",
            "messageTitle": "Connfig gitignore to ignore certain files",
            "messageBody": "",
            "insertions": 3,
            "deletions": 0
          },
          {
            "hash": "45cd3756847b2ce1ac6e3174adf9c5250c031b90",
            "messageTitle": "Auto formatting by ide formatter",
            "messageBody": "",
            "insertions": 15,
            "deletions": 14
          },
          {
            "hash": "af3f605f953f49f967816fb4aa84c7292fd9a90a",
            "messageTitle": "Update .gitignore",
            "messageBody": "",
            "insertions": 2,
            "deletions": 1
          },
          {
            "hash": "e2f0cd5fb3f424f45dbe8fe8bc15c650fd0724aa",
            "messageTitle": "Enable debug mode for flask app",
            "messageBody": "",
            "insertions": 1,
            "deletions": 1
          },
          {
            "hash": "253c72d24ed94fe4a5e1330a9b5afe8b9732083b",
            "messageTitle": "Create template for rendering",
            "messageBody": "",
            "insertions": 46,
            "deletions": 0
          },
          {
            "hash": "13673fd9d774dd7b683eb16398b70e2fdd34dd12",
            "messageTitle": "Integrating template in flask app",
            "messageBody": "",
            "insertions": 5,
            "deletions": 2
          }
        ]
      },
      {
        "insertions": 3,
        "deletions": 1,
        "date": "2019-06-01",
        "commitResults": [
          {
            "hash": "6de089c2ca15e072e61d86cc6ea4ee47971b2ae0",
            "messageTitle": "Ignore venv folder",
            "messageBody": "1. Set up virtual environment and install python packages\n",
            "insertions": 3,
            "deletions": 1
          }
        ]
      },
      {
        "insertions": 13776,
        "deletions": 126,
        "date": "2019-06-02",
        "commitResults": [
          {
            "hash": "add347d54cc1858aaf358d593b32e07dfc3aefa0",
            "messageTitle": "Re-organzie directory structure",
            "messageBody": "",
            "insertions": 8,
            "deletions": 9
          },
          {
            "hash": "9f3566251fe891c85c1cd7eb4ae701ce718df7a4",
            "messageTitle": "Set up sanity check route",
            "messageBody": "",
            "insertions": 13,
            "deletions": 1
          },
          {
            "hash": "de75348180d88869b68cb215166d0c82e924858b",
            "messageTitle": "Set up api to get freq distribution array",
            "messageBody": "",
            "insertions": 6,
            "deletions": 0
          },
          {
            "hash": "c7c70f25e84d4377edc94a1195f03e417c57fec3",
            "messageTitle": "initialize react app",
            "messageBody": "npx create-react-app client\n",
            "insertions": 13109,
            "deletions": 0
          },
          {
            "hash": "732d73694385de9f59629bf8fb59299316d07526",
            "messageTitle": "Modify to remove redundant template files",
            "messageBody": "",
            "insertions": 5,
            "deletions": 67
          },
          {
            "hash": "7fae373cf9e5c59233d076ad85319eb792160fd1",
            "messageTitle": "Import material.css package for simple styling",
            "messageBody": "",
            "insertions": 4,
            "deletions": 0
          },
          {
            "hash": "a3de0fba40d9a90a39b58884aba1925169ed5ce6",
            "messageTitle": "create about and home component",
            "messageBody": "",
            "insertions": 34,
            "deletions": 0
          },
          {
            "hash": "3568aea2cec80ed712c0b7e9048e88e2ec97d264",
            "messageTitle": "Connect home and about components to router",
            "messageBody": "",
            "insertions": 176,
            "deletions": 5
          },
          {
            "hash": "5c494c700324f1107c8bb14bb0e6c6e63cfb409c",
            "messageTitle": "Create a Navbar",
            "messageBody": "",
            "insertions": 27,
            "deletions": 3
          },
          {
            "hash": "ce9c36b581b7ae3e4130109dc439a597ea511f1d",
            "messageTitle": "Create a dummy wordcloud component and integrate with Home",
            "messageBody": "",
            "insertions": 15,
            "deletions": 1
          },
          {
            "hash": "398da18e34aae60e15fc7d90401447c5bd318ad5",
            "messageTitle": "Create WordCloud component and integrate in Home",
            "messageBody": "",
            "insertions": 293,
            "deletions": 14
          },
          {
            "hash": "249d4ae1f7660ed932af0128517a20999653f08f",
            "messageTitle": "use axios to connect with backend api",
            "messageBody": "",
            "insertions": 27,
            "deletions": 1
          },
          {
            "hash": "4459bd3c6ef7df162ab0aff006ee24d52a47bcd3",
            "messageTitle": "feed in data from backend to render wordcloud at frontend",
            "messageBody": "",
            "insertions": 32,
            "deletions": 24
          },
          {
            "hash": "ac6b0e25d180174cb73189ab8c90fbef113653c8",
            "messageTitle": "Update README.md",
            "messageBody": "add some instruction to run the app",
            "insertions": 22,
            "deletions": 0
          },
          {
            "hash": "dc756be4ed03184cf58c2d64571b87953186c0b4",
            "messageTitle": "conditional renderingof wordCloud template",
            "messageBody": "",
            "insertions": 5,
            "deletions": 1
          }
        ]
      },
      {
        "insertions": 173,
        "deletions": 174,
        "date": "2019-06-16",
        "commitResults": [
          {
            "hash": "09daf25eb181154be9d58646a8abdd6399141f59",
            "messageTitle": "Update .gitignore",
            "messageBody": "",
            "insertions": 3,
            "deletions": 2
          },
          {
            "hash": "2f2a6ddcd2c25da9f63667afbc1a8f901d7ae6e1",
            "messageTitle": "Resolve flake 8 check error",
            "messageBody": "",
            "insertions": 170,
            "deletions": 172
          }
        ]
      }
    ],
    "anubh-v": [
      {
        "insertions": 110,
        "deletions": 33,
        "date": "2019-01-19",
        "commitResults": [
          {
            "hash": "a800f50877f57b96d6a918ec2cab466606b3412b",
            "messageTitle": "initial commit",
            "messageBody": "",
            "insertions": 1,
            "deletions": 0
          },
          {
            "hash": "96d2914a9c03c722688f978a8284a61945d1a059",
            "messageTitle": "Add objectives",
            "messageBody": "",
            "insertions": 4,
            "deletions": 0
          },
          {
            "hash": "663ecee7e5840e3081924ffbc53f96d7340612ee",
            "messageTitle": "Simple script to extract based on time period, using PSAW",
            "messageBody": "",
            "insertions": 19,
            "deletions": 0
          },
          {
            "hash": "ada09adaa936bef327f4fb9145e0fc7058d82c0c",
            "messageTitle": "remove redundant txt file",
            "messageBody": "",
            "insertions": 0,
            "deletions": 1
          },
          {
            "hash": "15f5ad3e112d6a04033da6dbbcba4270edff496d",
            "messageTitle": "Write query results to JSON file",
            "messageBody": "",
            "insertions": 13,
            "deletions": 4
          },
          {
            "hash": "493ac9fc1e56b60f50dad53959edca5d84641d1a",
            "messageTitle": "Add MISC STOPWORDS and calculate frequency",
            "messageBody": "",
            "insertions": 16,
            "deletions": 6
          },
          {
            "hash": "bd976f70f740cd5f7227aec9859f06efb639b828",
            "messageTitle": "Abstract code for data extraction into a method",
            "messageBody": "",
            "insertions": 15,
            "deletions": 16
          },
          {
            "hash": "be4526581ab23e14b242dd6deb4bcd1b893296b6",
            "messageTitle": "Remove print debug statements",
            "messageBody": "",
            "insertions": 1,
            "deletions": 1
          },
          {
            "hash": "c1d9eb3d05988958b033bf24a1edfcb189f0a551",
            "messageTitle": "Prepare extraction script to return JSON array of objects",
            "messageBody": "",
            "insertions": 5,
            "deletions": 5
          },
          {
            "hash": "6eb9a37514f2407d0a988d57a4fad13de191755e",
            "messageTitle": "Setup Flask application",
            "messageBody": "",
            "insertions": 12,
            "deletions": 0
          },
          {
            "hash": "fd5712246388883e0e118d3090701a86cb7becbd",
            "messageTitle": "Add module to convert list of tuples to JSON array of objects",
            "messageBody": "",
            "insertions": 24,
            "deletions": 0
          }
        ]
      },
      {
        "insertions": 46,
        "deletions": 16,
        "date": "2019-01-20",
        "commitResults": [
          {
            "hash": "2791e628c5f26ff963d76102d463118628a2a082",
            "messageTitle": "Update README",
            "messageBody": "",
            "insertions": 7,
            "deletions": 5
          },
          {
            "hash": "5a196dc5d5eb0ab70120eab6e5f0d724ff374d9c",
            "messageTitle": "Update README",
            "messageBody": "",
            "insertions": 1,
            "deletions": 1
          },
          {
            "hash": "864151a9739d8b8a066a3aff402c3b86fb7c85d1",
            "messageTitle": "Added visuals",
            "messageBody": "",
            "insertions": 0,
            "deletions": 0
          },
          {
            "hash": "266d3ccd36715a25c36b85ceab2efbd74866e27c",
            "messageTitle": "Add results doc",
            "messageBody": "",
            "insertions": 4,
            "deletions": 0
          },
          {
            "hash": "82102ef554c612cee989ce21c6842db65e588488",
            "messageTitle": "Update results",
            "messageBody": "",
            "insertions": 1,
            "deletions": 1
          },
          {
            "hash": "9b3b90147edfbc566cc74c73b5b4a12c42946761",
            "messageTitle": "Update results",
            "messageBody": "",
            "insertions": 15,
            "deletions": 0
          },
          {
            "hash": "336d8b9d2cc70bd1caebd0b3baf20fa099c29a35",
            "messageTitle": "Update results",
            "messageBody": "",
            "insertions": 1,
            "deletions": 1
          },
          {
            "hash": "13dede060b28511b79d51e7f24f5c5e3eefb46bf",
            "messageTitle": "Add visuals",
            "messageBody": "",
            "insertions": 0,
            "deletions": 0
          },
          {
            "hash": "7fb29894b36a8f0b0c1ff74b51f4fac0a0ee1843",
            "messageTitle": "Move results",
            "messageBody": "",
            "insertions": 0,
            "deletions": 4
          },
          {
            "hash": "dd8ebd7e1b8a3fba0d7d4bcba6b4fa731dae77b4",
            "messageTitle": "Update results",
            "messageBody": "",
            "insertions": 4,
            "deletions": 0
          },
          {
            "hash": "2e4c20fa456f08ce8d7bcd143c0c24f64b690ede",
            "messageTitle": "Update results",
            "messageBody": "",
            "insertions": 1,
            "deletions": 1
          },
          {
            "hash": "6ce094df9cd105192e94fa15415f2ca80bb4462b",
            "messageTitle": "Add US news visual",
            "messageBody": "",
            "insertions": 4,
            "deletions": 1
          },
          {
            "hash": "372aa0da0944594c88409292fca6b3655b356765",
            "messageTitle": "Add US news image",
            "messageBody": "",
            "insertions": 0,
            "deletions": 0
          },
          {
            "hash": "9793ee3fa5d36cacd55d5d9ca358a662960b1a27",
            "messageTitle": "Add CS careers visual",
            "messageBody": "",
            "insertions": 4,
            "deletions": 1
          },
          {
            "hash": "168c21cfd630cc7cd3102128dac50d7721e4eb3a",
            "messageTitle": "Update README",
            "messageBody": "",
            "insertions": 4,
            "deletions": 1
          }
        ]
      },
      {
        "insertions": 2,
        "deletions": 0,
        "date": "2019-01-21",
        "commitResults": [
          {
            "hash": "1009c7d79470c0faa50d85d3ed5bbc67754b44c5",
            "messageTitle": "Add link to results",
            "messageBody": "",
            "insertions": 2,
            "deletions": 0
          }
        ]
      },
      {
        "insertions": 231,
        "deletions": 0,
        "date": "2019-06-08",
        "commitResults": [
          {
            "hash": "6fe27eca654524601b2a1ef91364b7f8dfdfb87b",
            "messageTitle": "Add methods for writing / reading submissions from file, and reading submissions from Reddit",
            "messageBody": "",
            "insertions": 74,
            "deletions": 0
          },
          {
            "hash": "c424ac54cc954ec6e88af1dd44d9dc53342f038a",
            "messageTitle": "Add methods for performing naive name extraction",
            "messageBody": "",
            "insertions": 116,
            "deletions": 0
          },
          {
            "hash": "0cf2c690325d836811fcd017ce694fec985f3e47",
            "messageTitle": "Add script to run tasks from CLI",
            "messageBody": "",
            "insertions": 41,
            "deletions": 0
          }
        ]
      },
      {
        "insertions": 66,
        "deletions": 12,
        "date": "2019-06-09",
        "commitResults": [
          {
            "hash": "645f69bd623ecb193b6eadf523dd92ef3713782b",
            "messageTitle": "Add info on using cli.py",
            "messageBody": "",
            "insertions": 8,
            "deletions": 0
          },
          {
            "hash": "c7bad1a3c258f6abd5a0f2b7008bf2054a164eb7",
            "messageTitle": "Add example usage of cli.py",
            "messageBody": "",
            "insertions": 12,
            "deletions": 2
          },
          {
            "hash": "8b826704438934a4ffad19a17f488c20496c782b",
            "messageTitle": "Fix markdown",
            "messageBody": "",
            "insertions": 2,
            "deletions": 2
          },
          {
            "hash": "4c70cd50373d3e11052e02b485417c79ca671ab3",
            "messageTitle": "Update README",
            "messageBody": "",
            "insertions": 14,
            "deletions": 5
          },
          {
            "hash": "b855855beaf4cdadeca2e785ab6f3baefe9faaa7",
            "messageTitle": "Add table",
            "messageBody": "",
            "insertions": 5,
            "deletions": 0
          },
          {
            "hash": "47aa420300db54b36322f504e568c8db46473055",
            "messageTitle": "Add names count",
            "messageBody": "",
            "insertions": 12,
            "deletions": 2
          },
          {
            "hash": "5f56468e901cf89db0c76361564c7f340ae7595d",
            "messageTitle": "Sort flattened output by number of comments",
            "messageBody": "",
            "insertions": 13,
            "deletions": 1
          }
        ]
      },
      {
        "insertions": 16,
        "deletions": 3,
        "date": "2019-06-15",
        "commitResults": [
          {
            "hash": "75ee5a8f92606b16106f0a1643f6013e89acffaf",
            "messageTitle": "Add python dependencies list",
            "messageBody": "",
            "insertions": 15,
            "deletions": 0
          },
          {
            "hash": "5857a7ef30e01e13b3bea88fb68c85015b63c932",
            "messageTitle": "Update setup instructions",
            "messageBody": "",
            "insertions": 1,
            "deletions": 3
          }
        ]
      },
      {
        "insertions": 131,
        "deletions": 25,
        "date": "2019-06-16",
        "commitResults": [
          {
            "hash": "461f60ee104ec95db3bf7b8ad91d6ca2b374edb8",
            "messageTitle": "Create directory for ETL related modules",
            "messageBody": "",
            "insertions": 0,
            "deletions": 0
          },
          {
            "hash": "fa97f326b92b0d3d0dfe6e012585873aacd803c4",
            "messageTitle": "Update import statement due to folder change",
            "messageBody": "",
            "insertions": 1,
            "deletions": 1
          },
          {
            "hash": "d5ea9de398c2454f867af0ad00e0996eac8382d7",
            "messageTitle": "Add docstring for cli.py",
            "messageBody": "",
            "insertions": 19,
            "deletions": 0
          },
          {
            "hash": "aaeb2b2ab073eb201a0c206bb476cf990942eeb8",
            "messageTitle": "Remove trailing spaces",
            "messageBody": "",
            "insertions": 0,
            "deletions": 1
          },
          {
            "hash": "ae055e4c9a18a57c4d50f8642cfa985efe873cf9",
            "messageTitle": "Add yml for Travis CI",
            "messageBody": "",
            "insertions": 1,
            "deletions": 0
          },
          {
            "hash": "d132cef3847084b27e576873815c2bc0a2d7bafa",
            "messageTitle": "Add flake8 to requirements file",
            "messageBody": "",
            "insertions": 5,
            "deletions": 0
          },
          {
            "hash": "3b06013b077593285c0eb58f56a5bdba538406b4",
            "messageTitle": "Update travis configs",
            "messageBody": "",
            "insertions": 10,
            "deletions": 0
          },
          {
            "hash": "045dd5505d2e6d861d331faf8e9de78a22b6e46d",
            "messageTitle": "Add comments in travis yml",
            "messageBody": "",
            "insertions": 3,
            "deletions": 2
          },
          {
            "hash": "99b4773dab76baf6b9d0165670e581ca0ff4249a",
            "messageTitle": "Add CI badge",
            "messageBody": "",
            "insertions": 2,
            "deletions": 0
          },
          {
            "hash": "8de741a249f2672353170fa61585ae14ffddcf48",
            "messageTitle": "Update flake8 checks",
            "messageBody": "",
            "insertions": 1,
            "deletions": 1
          },
          {
            "hash": "af0d316a6d32e70ca00b192d7b3374409cd1559d",
            "messageTitle": "Add comments for parser setup",
            "messageBody": "",
            "insertions": 22,
            "deletions": 5
          },
          {
            "hash": "04d89cd62e4ffc164d5da6edfe72f7b2f871a507",
            "messageTitle": "Add some help strings for parser arguments",
            "messageBody": "",
            "insertions": 15,
            "deletions": 8
          },
          {
            "hash": "57479c786dde070cd7d42059a0f69a7359992509",
            "messageTitle": "Add docstrings in Client",
            "messageBody": "",
            "insertions": 25,
            "deletions": 0
          },
          {
            "hash": "f2715ba5c7f2c58fa0a7eaa8b238a774b83bea4a",
            "messageTitle": "Add comments in Client.pull",
            "messageBody": "",
            "insertions": 13,
            "deletions": 4
          },
          {
            "hash": "241c34357052edab58ecfcb4b0982a528dfc7ad6",
            "messageTitle": "Add comments in Client.pull",
            "messageBody": "",
            "insertions": 14,
            "deletions": 3
          }
        ]
      },
      {
        "insertions": 15,
        "deletions": 2,
        "date": "2019-06-29",
        "commitResults": [
          {
            "hash": "e2cb46cab8541526f754ab723ee6269ac369c0c0",
            "messageTitle": "Minor comment tweak",
            "messageBody": "",
            "insertions": 1,
            "deletions": 1
          },
          {
            "hash": "2cbe7abdef1631d99fd647a8e0e62c67d6714d4b",
            "messageTitle": "Document method used to write submissions to files",
            "messageBody": "",
            "insertions": 14,
            "deletions": 1
          }
        ]
      },
      {
        "insertions": 62,
        "deletions": 35,
        "date": "2019-06-30",
        "commitResults": [
          {
            "hash": "18ee69a0ebb899bdcd7262cd0aa27df6de42af2b",
            "messageTitle": "Document method used to read submissions from files",
            "messageBody": "",
            "insertions": 10,
            "deletions": 0
          },
          {
            "hash": "e2903fa54846ed6b9fe2d6d0ea8abc286b280a50",
            "messageTitle": "Fix style errors",
            "messageBody": "",
            "insertions": 12,
            "deletions": 9
          },
          {
            "hash": "13d3a8392e9a88a383f9c471dd2e2557e8164660",
            "messageTitle": "Improve \u0027if\u0027 condition style",
            "messageBody": "",
            "insertions": 4,
            "deletions": 4
          },
          {
            "hash": "4e98d51faa08afa6fc03909274ff6452ec7068d7",
            "messageTitle": "Add comments",
            "messageBody": "",
            "insertions": 36,
            "deletions": 22
          }
        ]
      },
      {
        "insertions": 87,
        "deletions": 47,
        "date": "2019-07-01",
        "commitResults": [
          {
            "hash": "f79d275996679c71232ca674913a93615ef0dffa",
            "messageTitle": "Document name extraction",
            "messageBody": "",
            "insertions": 18,
            "deletions": 8
          },
          {
            "hash": "99f4db827c73ae9ba75dab0713ead5c23de50c7e",
            "messageTitle": "Refactor name extraction helper",
            "messageBody": "",
            "insertions": 26,
            "deletions": 23
          },
          {
            "hash": "4a3eb6149d42ea75eaf2aa070a3634294b8842d5",
            "messageTitle": "Refactor naive name detector",
            "messageBody": "",
            "insertions": 18,
            "deletions": 8
          },
          {
            "hash": "d89f64daabce65b5a0bd77023777806bba0e139b",
            "messageTitle": "Refactor naive name detector",
            "messageBody": "",
            "insertions": 25,
            "deletions": 8
          }
        ]
      },
      {
        "insertions": 81,
        "deletions": 73,
        "date": "2019-07-02",
        "commitResults": [
          {
            "hash": "abbe301d407e64b06af8ee528e3283817004330d",
            "messageTitle": "Place naive name detector method in separate module",
            "messageBody": "",
            "insertions": 74,
            "deletions": 64
          },
          {
            "hash": "5daa24d59df82f3da5c78f68990c27a27f644da7",
            "messageTitle": "Fix style errors",
            "messageBody": "",
            "insertions": 3,
            "deletions": 3
          },
          {
            "hash": "671465c403bd1e6086252340516be327898d98d9",
            "messageTitle": "Move trim method",
            "messageBody": "",
            "insertions": 4,
            "deletions": 6
          }
        ]
      },
      {
        "insertions": 40,
        "deletions": 33,
        "date": "2019-07-03",
        "commitResults": [
          {
            "hash": "b24850d78b54fd7eb9b1f4b0ba871f08e4cf2039",
            "messageTitle": "Refactor processing step done before grouping operation",
            "messageBody": "",
            "insertions": 24,
            "deletions": 22
          },
          {
            "hash": "6bbf3f964d141285731526e80d928403685acd5a",
            "messageTitle": "Move methods",
            "messageBody": "",
            "insertions": 14,
            "deletions": 9
          },
          {
            "hash": "b019541e966bac518e65bb7866af47786aa54061",
            "messageTitle": "Fix name error",
            "messageBody": "",
            "insertions": 2,
            "deletions": 2
          }
        ]
      },
      {
        "insertions": 0,
        "deletions": 13619,
        "date": "2019-08-29",
        "commitResults": [
          {
            "hash": "87a2df4b6120e8d1bc029cdc56cd82cf6fd8052c",
            "messageTitle": "Clean up frontend files",
            "messageBody": "",
            "insertions": 0,
            "deletions": 13619
          }
        ]
      },
      {
        "insertions": 3,
        "deletions": 21,
        "date": "2019-12-09",
        "commitResults": [
          {
            "hash": "0e40d6a822de1d808445253c4ffb16e067edac71",
            "messageTitle": "Remove action phrase extraction command",
            "messageBody": "",
            "insertions": 3,
            "deletions": 21
          }
        ]
      }
    ]
  },
  "authorFinalContributionMap": {
    "Anubhav": 168,
    "jhengy": 118,
    "anubh-v": 529
  },
  "authorFileTypeContributionMap": {
    "Anubhav": {
      "yml": 1,
      "md": 44,
      "py": 115,
      "txt": 8
    },
    "jhengy": {
      "gitignore": 7,
      "md": 9,
      "py": 56,
      "html": 46
    },
    "anubh-v": {
      "yml": 11,
      "md": 34,
      "py": 464,
      "txt": 20
    }
  },
  "authorContributionVariance": {
    "Anubhav": 447.27417,
    "jhengy": 593121.2,
    "anubh-v": 569133.7
  },
  "authorDisplayNameMap": {
    "Anubhav": "Anubhav",
    "jhengy": "jhengy",
    "anubh-v": "anubh-v"
  }
}
